{
    "right-arm-matrix":[
        [-0.0393895, 0.998471, -0.0387869, -0.517798],
        [0.999214, 0.0395301, 0.00286434, 0.0453676],
        [0.00439321, -0.0386436, -0.999243, 1.07379],
        [0, 0, 0, 1]
    ],

    "left-arm-matrix":[
        [0.00010114, 0.999864, 0.0165171, 0.617353],
        [0.999882, 0.000152926, -0.01538, 0.0671707],
        [-0.0153805, 0.0165167, -0.999745, 1.07372],
        [0, 0, 0, 1]
    ]



 
}

