{
    "right-arm-matrix-Feb":[
            [-0.0310748,    0.99691, -0.0721426,  -0.633318],
            [ 0.999058, 0.0331666, 0.0279803, -0.0270551],
            [0.0302866, -0.0712052,  -0.997002,    1.05249],
            [0,          0,          0,          1]
    ],

    "right-arm-matrix":[

        [-0.0471937,   0.997192, -0.0581367,  -0.620866],
        [ 0.998718, 0.0481715, 0.0155323, -0.046455],
        [0.0182892, -0.0573291,  -0.998188,    1.06209],
        [0,          0,          0,          1]

    ],



    "left-arm-matrix-Feb":[
        [-0.0158618,    0.99856,  -0.051241,   0.562764],
        [ 0.999799, -0.0152124,  0.0130405, -0.0226541],
        [0.0122422, -0.0514375,  -0.998601,    1.05017],
        [0,          0,          0,          1]

    ],

    "left-arm-matrix":[
        [-0.0724426,    0.995938,  -0.0534772,   0.557514],
        [ 0.997268, 0.073108,  0.0105908, -0.00004162],
        [0.0144574, -0.0525638,  -0.998513,    1.04524],
        [0,          0,          0,          1]

    ]
}

