{
    "right-arm-matrix":[
            [-0.0310748,    0.99691, -0.0721426,  -0.633318],
            [ 0.999058, 0.0331666, 0.0279803, -0.0270551],
            [0.0302866, -0.0712052,  -0.997002,    1.05249],
            [0,          0,          0,          1]
    ],


    "left-arm-matrix":[
        [-0.0158618,    0.99856,  -0.051241,   0.562764],
        [ 0.999799, -0.0152124,  0.0130405, -0.0226541],
        [0.0122422, -0.0514375,  -0.998601,    1.05017],
        [0,          0,          0,          1]

    ]
}